{
 "case": "230_platline",
 "backend": "highs",
 "status": "optimal",
 "source_count": 2,
 "machines_used": 28,
 "machines_total": 28,
 "floors_used": true,
 "gated_sources": [
  "hydrogen"
 ],
 "gated_sinks": [
  "palladium metallic powder dust"
 ],
 "terminal_sources": [
  [
   "aqua regia",
   9000.0
  ],
  [
   "saltpeter",
   1.0363636363636362
  ],
  [
   "salt water",
   103.63636363636361
  ],
  [
   "sulfur dust",
   0.4545454545454545
  ],
  [
   "oxygen",
   1991.0202020202016
  ],
  [
   "calcium dust",
   0.5
  ],
  [
   "hydrochloric acid",
   3199.090909090909
  ],
  [
   "carbon dust",
   0.4001111111111111
  ],
  [
   "nitrogen",
   1400.3888888888887
  ]
 ],
 "terminal_sinks": [
  [
   "nitrogen dioxide",
   4500.0
  ],
  [
   "diluted sulfuric acid",
   4500.0
  ],
  [
   "chlorine",
   661.1999999999999
  ],
  [
   "sodium ruthenate dust",
   0.31090909090909086
  ],
  [
   "acidic osmium solution",
   310.9090909090909
  ],
  [
   "sludge dust residue dust",
   0.31090909090909086
  ],
  [
   "iridium chloride dust",
   0.31090909090909086
  ],
  [
   "rhodium sulfate solution",
   359.99999999999994
  ],
  [
   "platinum dust",
   1.0
  ],
  [
   "calcium chloride dust",
   1.5
  ],
  [
   "palladium dust",
   0.20005555555555554
  ],
  [
   "ethylene",
   100.02777777777777
  ]
 ],
 "external_quantity": 30334.703546029228,
 "total_flow": 68744.72375858585,
 "values": {
  "snk0": 0.0,
  "snk1": 0.0,
  "snk10": 4500.0,
  "snk11": 4500.0,
  "snk12": 0.0,
  "snk13": 661.1999999999999,
  "snk14": 0.0,
  "snk15": 0.0,
  "snk16": 0.0,
  "snk17": 0.0,
  "snk18": 0.0,
  "snk19": 0.31090909090909086,
  "snk2": 0.0,
  "snk20": 0.0,
  "snk21": 0.0,
  "snk22": 0.0,
  "snk23": 0.0,
  "snk24": 0.0,
  "snk25": 0.0,
  "snk26": 310.9090909090909,
  "snk27": 0.31090909090909086,
  "snk28": 0.0,
  "snk29": 0.0,
  "snk3": 0.0,
  "snk30": 0.31090909090909086,
  "snk31": 359.99999999999994,
  "snk32": 0.0,
  "snk33": 0.0,
  "snk34": 0.0,
  "snk35": 1.0,
  "snk36": 1.5,
  "snk37": 1.2398444444444443,
  "snk38": 0.0,
  "snk39": 0.0,
  "snk4": 0.0,
  "snk40": 0.0,
  "snk41": 0.20005555555555554,
  "snk42": 100.02777777777777,
  "snk43": 0.0,
  "snk44": 0.0,
  "snk45": 0.0,
  "snk46": 0.0,
  "snk47": 0.0,
  "snk48": 0.0,
  "snk49": 0.0,
  "snk5": 0.0,
  "snk50": 0.0,
  "snk51": 0.0,
  "snk6": 0.0,
  "snk7": 0.0,
  "snk8": 0.0,
  "snk9": 0.0,
  "src0": 0.0,
  "src1": 9000.0,
  "src10": 0.0,
  "src11": 0.0,
  "src12": 0.0,
  "src13": 0.0,
  "src14": 0.0,
  "src15": 0.0,
  "src16": 0.0,
  "src17": 1.0363636363636362,
  "src18": 103.63636363636361,
  "src19": 0.0,
  "src2": 0.0,
  "src20": 0.0,
  "src21": 0.4545454545454545,
  "src22": 0.0,
  "src23": 1991.0202020202016,
  "src24": 0.0,
  "src25": 0.0,
  "src26": 0.0,
  "src27": 0.0,
  "src28": 0.0,
  "src29": 0.0,
  "src3": 0.0,
  "src30": 0.0,
  "src31": 0.0,
  "src32": 0.0,
  "src33": 0.0,
  "src34": 0.5,
  "src35": 0.0,
  "src36": 0.0,
  "src37": 0.0,
  "src38": 0.0,
  "src39": 0.0,
  "src4": 3199.090909090909,
  "src40": 0.0,
  "src41": 0.0,
  "src42": 0.0,
  "src43": 0.0,
  "src44": 0.0,
  "src45": 0.0,
  "src46": 0.0,
  "src47": 0.0,
  "src48": 0.4001111111111111,
  "src49": 4201.166666666666,
  "src5": 0.0,
  "src50": 0.0,
  "src51": 1400.3888888888887,
  "src6": 0.0,
  "src7": 0.0,
  "src8": 0.0,
  "src9": 0.0,
  "x0": 1.4000000000000004,
  "x1": 9.0,
  "x10": 8.0,
  "x11": 2.0,
  "x12": 1800.0,
  "x13": 4500.0,
  "x14": 4500.0,
  "x15": 8.0,
  "x16": 7.6,
  "x17": 7.6,
  "x18": 7.6,
  "x19": 661.1999999999999,
  "x2": 9000.0,
  "x20": 0.9999999999999999,
  "x21": 359.99999999999994,
  "x22": 0.9999999999999999,
  "x23": 359.99999999999994,
  "x24": 1.0363636363636362,
  "x25": 1.0363636363636362,
  "x26": 103.63636363636361,
  "x27": 0.31090909090909086,
  "x28": 0.6218181818181817,
  "x29": 0.4545454545454545,
  "x3": 0.9999999999999999,
  "x30": 0.4545454545454545,
  "x31": 1590.9090909090905,
  "x32": 2.4999999999999996,
  "x33": 2.4999999999999996,
  "x34": 359.99999999999994,
  "x35": 0.6218181818181817,
  "x36": 155.45454545454544,
  "x37": 0.31090909090909086,
  "x38": 310.9090909090909,
  "x39": 0.31090909090909086,
  "x4": 9000.0,
  "x40": 0.31090909090909086,
  "x41": 0.31090909090909086,
  "x42": 0.31090909090909086,
  "x43": 310.9090909090909,
  "x44": 310.9090909090909,
  "x45": 932.7272727272726,
  "x46": 310.9090909090909,
  "x47": 0.31090909090909086,
  "x48": 932.7272727272726,
  "x49": 359.99999999999994,
  "x5": 2732.7272727272725,
  "x50": 359.99999999999994,
  "x51": 65.45454545454544,
  "x52": 0.036363636363636355,
  "x53": 65.45454545454544,
  "x54": 0.4545454545454544,
  "x55": 0.4545454545454544,
  "x56": 0.4545454545454545,
  "x57": 0.5,
  "x58": 2.0,
  "x59": 1.0,
  "x6": 2732.7272727272725,
  "x60": 1.5,
  "x61": 1.8005,
  "x62": 1800.5,
  "x63": 3.2008888888888887,
  "x64": 0.4001111111111111,
  "x65": 3.2008888888888887,
  "x66": 3.0408444444444442,
  "x67": 0.0005,
  "x68": 0.5,
  "x69": 0.5,
  "x7": 2732.7272727272725,
  "x70": 400.1111111111111,
  "x71": 0.4001111111111111,
  "x72": 0.20005555555555554,
  "x73": 400.1111111111111,
  "x74": 100.02777777777777,
  "x75": 200.05555555555554,
  "x76": 400.1111111111111,
  "x77": 1.400388888888889,
  "x78": 400.1111111111111,
  "x79": 400.1111111111111,
  "x8": 1800.0,
  "x80": 1.2003333333333333,
  "x81": 400.1111111111111,
  "x82": 0.4001111111111111,
  "x83": 400.1111111111111,
  "x84": 400.1111111111111,
  "x85": 1.400388888888889,
  "x86": 400.1111111111111,
  "x87": 200.05555555555554,
  "x88": 0.4001111111111111,
  "x89": 0.4001111111111111,
  "x9": 9000.0,
  "x90": 1.2003333333333333,
  "x91": 400.1111111111111,
  "x92": 1400.3888888888887,
  "x93": 4201.166666666666,
  "x94": 1400.3888888888887,
  "y_snk[PMP]": 0.0,
  "y_snk[acidic iridium solution]": 0.0,
  "y_snk[ammonia]": 0.0,
  "y_snk[ammonium chloride]": 0.0,
  "y_snk[carbon monoxide]": 0.0,
  "y_snk[formic acid]": 0.0,
  "y_snk[hydrogen]": 0.0,
  "y_snk[iridium dioxide dust]": 0.0,
  "y_snk[iridium metal residue dust]": 0.0,
  "y_snk[leach residue dust]": 0.0,
  "y_snk[molten potassium disulfate]": 0.0,
  "y_snk[molten potassium]": 0.0,
  "y_snk[palladium enriched ammonia]": 0.0,
  "y_snk[palladium metallic powder dust]": 1.0,
  "y_snk[palladium salt dust]": 0.0,
  "y_snk[platinum concentrate]": 0.0,
  "y_snk[platinum residue dust]": 0.0,
  "y_snk[platinum salt dust]": 0.0,
  "y_snk[potassium disulfate dust]": 0.0,
  "y_snk[potassium dust]": 0.0,
  "y_snk[potassium ingot]": 0.0,
  "y_snk[rarest metal residue dust]": 0.0,
  "y_snk[refined platinum salt dust]": 0.0,
  "y_snk[reprecipitated palladium dust]": 0.0,
  "y_snk[reprecipitated platinum dust]": 0.0,
  "y_snk[rhodium sulfate]": 0.0,
  "y_snk[sodium dust]": 0.0,
  "y_snk[sodium formate]": 0.0,
  "y_snk[sodium hydroxide dust]": 0.0,
  "y_snk[sodium sulfate dust]": 0.0,
  "y_snk[sulfuric acid]": 0.0,
  "y_src[PMP]": 0.0,
  "y_src[acidic iridium solution]": 0.0,
  "y_src[ammonia]": 0.0,
  "y_src[ammonium chloride]": 0.0,
  "y_src[carbon monoxide]": 0.0,
  "y_src[formic acid]": 0.0,
  "y_src[hydrogen]": 1.0,
  "y_src[iridium dioxide dust]": 0.0,
  "y_src[iridium metal residue dust]": 0.0,
  "y_src[leach residue dust]": 0.0,
  "y_src[molten potassium disulfate]": 0.0,
  "y_src[molten potassium]": 0.0,
  "y_src[palladium enriched ammonia]": 0.0,
  "y_src[palladium metallic powder dust]": 0.0,
  "y_src[palladium salt dust]": 0.0,
  "y_src[platinum concentrate]": 0.0,
  "y_src[platinum residue dust]": 0.0,
  "y_src[platinum salt dust]": 0.0,
  "y_src[potassium disulfate dust]": 0.0,
  "y_src[potassium dust]": 0.0,
  "y_src[potassium ingot]": 0.0,
  "y_src[rarest metal residue dust]": 0.0,
  "y_src[refined platinum salt dust]": 0.0,
  "y_src[reprecipitated palladium dust]": 0.0,
  "y_src[reprecipitated platinum dust]": 0.0,
  "y_src[rhodium sulfate]": 0.0,
  "y_src[sodium dust]": 0.0,
  "y_src[sodium formate]": 0.0,
  "y_src[sodium hydroxide dust]": 0.0,
  "y_src[sodium sulfate dust]": 0.0,