{
 "case": "jet_fuel",
 "backend": "highs",
 "status": "optimal",
 "source_count": 2,
 "machines_used": 10,
 "machines_total": 10,
 "floors_used": false,
 "gated_sources": [],
 "gated_sinks": [
  "naphtha",
  "cyclopentadiene"
 ],
 "terminal_sources": [
  [
   "charcoal",
   109.09090909090908
  ],
  [
   "crushed ice",
   363.6363636363636
  ],
  [
   "iron II chloride",
   90.9090909090909
  ],
  [
   "ammonia",
   22.727272727272727
  ],
  [
   "ethanol",
   227.27272727272725
  ],
  [
   "sulfuric acid",
   181.8181818181818
  ],
  [
   "sodium hydroxide dust",
   0.18181818181818182
  ]
 ],
 "terminal_sinks": [
  [
   "dried earth dust",
   1.7045454545454544
  ],
  [
   "diluted sulfuric acid",
   272.72727272727275
  ],
  [
   "jet fuel no.3",
   1000.0
  ],
  [
   "anthracene",
   113.63636363636363
  ],
  [
   "ethylbenzene",
   340.9090909090909
  ]
 ],
 "external_quantity": 3042.7954545454622,
 "total_flow": 19861.15909090909,
 "values": {
  "snk0": 0.0,
  "snk1": 159.09090909090907,
  "snk10": 0.0,
  "snk11": 0.0,
  "snk12": 0.0,
  "snk13": 0.0,
  "snk14": 0.0,
  "snk15": 1.7045454545454544,
  "snk16": 0.0,
  "snk17": 0.0,
  "snk18": 159.09090909090907,
  "snk19": 0.0,
  "snk2": 0.0,
  "snk20": 0.0,
  "snk21": 0.0,
  "snk22": 272.72727272727275,
  "snk3": 0.0,
  "snk4": 0.0,
  "snk5": 1000.0,
  "snk6": 0.0,
  "snk7": 113.63636363636363,
  "snk8": 340.9090909090909,
  "snk9": 0.0,
  "src0": 0.0,
  "src1": 0.0,
  "src10": 0.0,
  "src11": 0.0,
  "src12": 0.0,
  "src13": 0.0,
  "src14": 109.09090909090908,
  "src15": 0.0,
  "src16": 363.6363636363636,
  "src17": 90.9090909090909,
  "src18": 0.0,
  "src19": 22.727272727272727,
  "src2": 0.0,
  "src20": 227.27272727272725,
  "src21": 181.8181818181818,
  "src22": 0.0,
  "src3": 0.18181818181818182,
  "src4": 0.0,
  "src5": 0.0,
  "src6": 0.0,
  "src7": 0.0,
  "src8": 0.0,
  "src9": 0.0,
  "x0": 22.727272727272727,
  "x1": 68.18181818181819,
  "x10": 227.27272727272725,
  "x11": 1136.3636363636363,
  "x12": 181.8181818181818,
  "x13": 0.09090909090909091,
  "x14": 90.9090909090909,
  "x15": 181.8181818181818,
  "x16": 1363.6363636363635,
  "x17": 181.8181818181818,
  "x18": 909.090909090909,
  "x19": 909.090909090909,
  "x2": 909.090909090909,
  "x20": 727.2727272727273,
  "x21": 109.09090909090908,
  "x22": 1.7045454545454544,
  "x23": 2727.272727272727,
  "x24": 363.6363636363636,
  "x25": 727.2727272727273,
  "x26": 90.9090909090909,
  "x27": 181.8181818181818,
  "x28": 1363.6363636363635,
  "x29": 1136.3636363636363,
  "x3": 0.18181818181818182,
  "x30": 340.9090909090909,
  "x31": 22.727272727272727,
  "x32": 45.45454545454545,
  "x33": 22.727272727272727,
  "x34": 181.8181818181818,
  "x35": 181.8181818181818,
  "x36": 90.9090909090909,
  "x37": 272.72727272727275,
  "x4": 0.09090909090909091,
  "x5": 1000.0,
  "x6": 2727.272727272727,
  "x7": 909.090909090909,
  "x8": 113.63636363636363,
  "x9": 340.9090909090909,
  "y_snk[coal tar oil]": 0.0,
  "y_snk[coal tar]": 0.0,
  "y_snk[cyclopentadiene]": 1.0,
  "y_snk[diethylamine]": 0.0,
  "y_snk[ether]": 0.0,
  "y_snk[ferrocene dust]": 0.0,
  "y_snk[ferrocene solution]": 0.0,
  "y_snk[ferrocene waste]": 0.0,
  "y_snk[impure ferrocene mixture]": 0.0,
  "y_snk[kerosene]": 0.0,
  "y_snk[naphtha]": 1.0,
  "y_src[coal tar oil]": 0.0,
  "y_src[coal tar]": 0.0,
  "y_src[cyclopentadiene]": 0.0,
  "y_src[diethylamine]": 0.0,
  "y_src[ether]": 0.0,
  "y_src[ferrocene dust]": 0.0,
  "y_src[ferrocene solution]": 0.0,
  "y_src[ferrocene waste]": 0.0,
  "y_src[impure ferrocene mixture]": 0.0,
  "y_src[kerosene]": 0.0,
  "y_src[naphtha]": 0.0
 }
}