{
 "case": "palladium_line",
 "backend": "highs",
 "status": "optimal",
 "source_count": 11,
 "machines_used": 56,
 "machines_total": 56,
 "floors_used": true,
 "gated_sources": [
  "palladium metallic powder dust",
  "PMP",
  "calcium chloride dust",
  "reprecipitated palladium dust",
  "sodium sulfate dust"
 ],
 "gated_sinks": [
  "sodium ruthenate dust",
  "sulfur dust",
  "crude rhodium metal dust",
  "rhodium salt dust",
  "sodium hydroxide dust",
  "sodium dust"
 ],
 "terminal_sources": [
  [
   "saltpeter",
   0.05700000000000001
  ],
  [
   "carbon dust",
   2.0
  ],
  [
   "nitrogen",
   1.00005439591991
  ]
 ],
 "terminal_sinks": [
  [
   "platinum dust",
   0.05500000000000001
  ],
  [
   "iridium dust",
   0.0171
  ],
  [
   "nickel dust",
   0.00855
  ],
  [
   "copper dust",
   0.00855
  ],
  [
   "osmium dust",
   0.0017100000000000001
  ],
  [
   "palladium dust",
   1.0
  ],
  [
   "rhodium dust",
   0.002375258380619574
  ],
  [
   "ethylene",
   500.0
  ],
  [
   "ruthenium dust",
   0.03842469889958447
  ],
  [
   "gold dust",
   0.006840000000000001
  ]
 ],
 "external_quantity": 512.6587090120186,
 "total_flow": 41340.7623483388,
 "values": {
  "snk0": 0.0,
  "snk1": 0.0,
  "snk10": 0.0,
  "snk11": 0.0,
  "snk12": 0.0,
  "snk13": 0.0,
  "snk14": 0.0,
  "snk15": 0.0,
  "snk16": 0.0,
  "snk17": 0.0,
  "snk18": 0.05500000000000001,
  "snk19": 0.0,
  "snk2": 0.0,
  "snk20": 0.0,
  "snk21": 0.0,
  "snk22": 0.0,
  "snk23": 0.0,
  "snk24": 0.0,
  "snk25": 0.0,
  "snk26": 0.0,
  "snk27": 0.0,
  "snk28": 0.0,
  "snk29": 0.0010897087918398073,
  "snk3": 0.0,
  "snk30": 0.0,
  "snk31": 0.0,
  "snk32": 0.0,
  "snk33": 0.0,
  "snk34": 0.0,
  "snk35": 0.52831255439592,
  "snk36": 0.0,
  "snk37": 0.0,
  "snk38": 0.0,
  "snk39": 0.0,
  "snk4": 0.0,
  "snk40": 0.0,
  "snk41": 0.0,
  "snk42": 0.0,
  "snk43": 0.0,
  "snk44": 0.0,
  "snk45": 0.0171,
  "snk46": 0.0,
  "snk47": 0.00855,
  "snk48": 0.00855,
  "snk49": 0.0,
  "snk5": 0.0,
  "snk50": 0.0,
  "snk51": 0.0,
  "snk52": 0.008079145604080068,
  "snk53": 0.0,
  "snk54": 0.0,
  "snk55": 0.022661203289762046,
  "snk56": 0.0,
  "snk57": 0.0017100000000000001,
  "snk58": 0.0,
  "snk59": 0.0,
  "snk6": 1.0,
  "snk60": 0.0,
  "snk61": 0.0,
  "snk62": 0.0,
  "snk63": 0.0,
  "snk64": 0.002375258380619574,
  "snk65": 0.0,
  "snk66": 0.0,
  "snk67": 0.0,
  "snk68": 0.0,
  "snk69": 0.0,
  "snk7": 500.0,
  "snk70": 0.03842469889958447,
  "snk71": 0.0,
  "snk72": 0.0,
  "snk73": 0.0,
  "snk74": 1.264900681709899,
  "snk75": 0.0,
  "snk76": 0.006840000000000001,
  "snk77": 0.6448914938259533,
  "snk78": 0.0,
  "snk8": 0.0,
  "snk9": 0.0,
  "src0": 0.524116747051748,
  "src1": 0.0,
  "src10": 0.0,
  "src11": 0.0,
  "src12": 0.0,
  "src13": 0.0,
  "src14": 0.07700000000000001,
  "src15": 0.0,
  "src16": 0.0,
  "src17": 0.0,
  "src18": 0.0,
  "src19": 0.1026,
  "src2": 0.0,
  "src20": 0.0,
  "src21": 0.0,
  "src22": 0.0,
  "src23": 0.0,
  "src24": 0.0,
  "src25": 0.0,
  "src26": 0.0,
  "src27": 0.05700000000000001,
  "src28": 0.0,
  "src29": 0.0,
  "src3": 1.5549166092487512,
  "src30": 0.0,
  "src31": 0.0,
  "src32": 0.0,
  "src33": 0.0,
  "src34": 0.0,
  "src35": 0.0,
  "src36": 0.0,
  "src37": 0.0,
  "src38": 0.0,
  "src39": 0.0,
  "src4": 0.0,
  "src40": 0.0,
  "src41": 0.0,
  "src42": 0.0,
  "src43": 0.0,
  "src44": 0.0,
  "src45": 0.0,
  "src46": 0.0,
  "src47": 0.0,
  "src48": 0.0,
  "src49": 0.0,
  "src5": 0.0,
  "src50": 0.0,
  "src51": 0.0,
  "src52": 0.0,
  "src53": 0.0,
  "src54": 0.0,
  "src55": 0.0,
  "src56": 0.0,
  "src57": 0.0,
  "src58": 0.0,
  "src59": 0.0,
  "src6": 0.0,
  "src60": 0.0,
  "src61": 0.0,
  "src62": 0.0,
  "src63": 0.0,
  "src64": 0.0,
  "src65": 0.0,
  "src66": 0.0,
  "src67": 0.0,
  "src68": 0.0,
  "src69": 0.0,
  "src7": 0.0,
  "src70": 0.0,
  "src71": 0.0,
  "src72": 3.734587880771439,
  "src73": 0.0,
  "src74": 0.0,
  "src75": 2.0,
  "src76": 0.0,
  "src77": 0.0,
  "src78": 1.00005439591991,
  "src8": 0.0,
  "src9": 0.0,
  "x0": 2.0028752583806195,
  "x1": 2002.8752583806195,
  "x10": 2.0,
  "x100": 0.1188,
  "x101": 39.6,
  "x102": 0.019799999999999998,
  "x103": 19.8,
  "x104": 0.011720854395919933,
  "x105": 0.011720854395919933,
  "x106": 11.720854395919933,
  "x107": 0.0351625631877598,
  "x108": 17.1,
  "x109": 1.7100000000000002,
  "x11": 1.0,
  "x110": 10.260000000000002,
  "x111": 1.7100000000000002,
  "x112": 0.0017100000000000001,
  "x113": 11.970000000000002,
  "x114": 0.012501359897997758,
  "x115": 2.5002719795995514,
  "x116": 2.5002719795995514,
  "x117": 0.0025002719795995513,
  "x118": 0.0025002719795995513,
  "x119": 0.0025002719795995513,
  "x12": 2000.0,
  "x120": 0.0025002719795995517,
  "x121": 0.002375258380619574,
  "x122": 0.002375258380619574,
  "x123": 2.3752583806195737,
  "x124": 2.3752583806195737,
  "x125": 0.002375258380619574,
  "x126": 0.002375258380619574,
  "x127": 2.3752583806195737,
  "x128": 0.002375258380619574,
  "x129": 2.3752583806195737,
  "x13": 500.0,
  "x130": 2.3752583806195737,
  "x131": 0.016010291208160193,
  "x132": 8.005145604080097,
  "x133": 24.015436812240292,
  "x134": 24.015436812240292,
  "x135": 24.015436812240292,
  "x136": 48.030873624480584,
  "x137": 48.030873624480584,
  "x138": 0.03202058241632039,
  "x139": 38.42469889958447,
  "x14": 99.00000000000001,
  "x140": 38.42469889958447,
  "x141": 0.03842469889958447,
  "x142": 230.54819339750682,
  "x143": 0.03842469889958447,
  "x144": 0.03842469889958447,
  "x145": 230.54819339750682,
  "x146": 1000.0,
  "x147": 2000.0,
  "x148": 7.0,
  "x149": 2000.0,
  "x15": 495.00000000000006,
  "x150": 2000.0,
  "x151": 6.0,
  "x152": 2000.0,
  "x153": 24.015436812240292,
  "x154": 2.0,
  "x155": 2000.0,
  "x156": 2000.0,
  "x157": 0.0171,
  "x158": 0.006840000000000001,
  "x159": 10.73458788077144,
  "x16": 0.44000000000000006,
  "x160": 3067.0251087918396,
  "x161": 1533.5125543959198,
  "x162": 3.0670251087918396,
  "x163": 2.4216335605699664,
  "x164": 7.264900681709899,
  "x165": 2421.6335605699664,
  "x166": 0.5,
  "x167": 1.5,
  "x168": 0.5,
  "x169": 0.022800000000000004,
  "x17": 0.11000000000000001,
  "x170": 5.700000000000001,
  "x171": 0.50005439591991,
  "x172": 0.00050005439591991,
  "x173": 0.00250027197959955,
  "x174": 0.50005439591991,
  "x175": 2.00021758367964,
  "x176": 0.50005439591991,
  "x177": 1.50016318775973,
  "x178": 0.50005439591991,
  "x179": 553.31255439592,
  "x18": 99.00000000000001,
  "x180": 1106.62510879184,
  "x181": 0.55331255439592,
  "x182": 2213.25021758368,
  "x19": 247.50000000000003,
  "x2": 3.5606671260099905,
  "x20": 247.50000000000003,
  "x21": 0.4950000000000001,
  "x22": 495.00000000000006,
  "x23": 0.05500000000000001,
  "x24": 495.00000000000006,
  "x25": 0.027500000000000004,
  "x26": 0.11000000000000001,
  "x27": 0.05500000000000001,
  "x28": 0.08250000000000002,
  "x29": 150.3,
  "x3": 0.44508339075124875,
  "x30": 150.3,
  "x31": 150.3,
  "x32": 0.44000000000000006,
  "x33": 0.41800000000000004,
  "x34": 0.41800000000000004,
  "x35": 0.41800000000000004,
  "x36": 36.36600000000001,
  "x37": 419.1334517781264,
  "x38": 419.1334517781264,
  "x39": 419.1334517781264,
  "x4": 3.560667126009991,
  "x40": 0.05500000000000001,
  "x41": 19.8,
  "x42": 0.05500000000000001,
  "x43": 19.8,
  "x44": 0.05700000000000001,
  "x45": 0.05700000000000001,
  "x46": 5.700000000000001,
  "x47": 0.0171,
  "x48": 0.0342,
  "x49": 0.0342,
  "x5": 3.382633769709491,
  "x50": 8.55,
  "x51": 0.0171,
  "x52": 17.1,
  "x53": 19.8,
  "x54": 19.8,
  "x55": 3.6,
  "x56": 0.002,
  "x57": 0.024999999999999998,
  "x58": 0.024999999999999998,
  "x59": 87.49999999999999,
  "x6": 1.9038752583806198,
  "x60": 0.13749999999999998,
  "x61": 0.1375,
  "x62": 19.8,
  "x63": 3.6,
  "x64": 0.024999999999999998,
  "x65": 0.024999999999999998,
  "x66": 0.024999999999999998,
  "x67": 0.0171,
  "x68": 0.0171,
  "x69": 0.0171,
  "x7": 1903.8752583806197,
  "x70": 0.0171,
  "x71": 17.1,
  "x72": 17.1,
  "x73": 51.300000000000004,
  "x74": 17.1,
  "x75": 0.0171,