{
 "case": "testProjects/undeterminedMultiInput",
 "backend": "highs",
 "status": "optimal",
 "source_count": 0,
 "machines_used": 3,
 "machines_total": 3,
 "floors_used": true,
 "gated_sources": [],
 "gated_sinks": [],
 "terminal_sources": [
  [
   "nitrogen",
   0.026666666666667282
  ],
  [
   "hydrogen",
   0.08000000000000185
  ],
  [
   "oxygen",
   106.77333333333335
  ],
  [
   "fermented biomass",
   266.6666666666667
  ]
 ],
 "terminal_sinks": [
  [
   "nitric acid",
   26.69333333333334
  ],
  [
   "diluted sulfuric acid",
   26.69333333333334
  ],
  [
   "carbon dioxide",
   106.66666666666669
  ],
  [
   "methane gas",
   160.0
  ],
  [
   "methanol",
   40.0
  ],
  [
   "ethanol",
   40.0
  ],
  [
   "acetic acid",
   6.666666666666668
  ],
  [
   "fertiliser",
   0.2666666666666667
  ]
 ],
 "external_quantity": 780.5333333333334,
 "total_flow": 833.9200000000001,
 "values": {
  "snk0": 0.0,
  "snk1": 0.0,
  "snk10": 0.0,
  "snk11": 26.69333333333334,
  "snk12": 26.69333333333334,
  "snk2": 0.0,
  "snk3": 0.0,
  "snk4": 106.66666666666669,
  "snk5": 160.0,
  "snk6": 40.0,
  "snk7": 40.0,
  "snk8": 6.666666666666668,
  "snk9": 0.2666666666666667,
  "src0": 0.026666666666667282,
  "src1": 0.08000000000000185,
  "src10": 106.77333333333335,
  "src11": 0.0,
  "src12": 0.0,
  "src2": 0.0,
  "src3": 266.6666666666667,
  "src4": 0.0,
  "src5": 0.0,
  "src6": 0.0,
  "src7": 0.0,
  "src8": 0.0,
  "src9": 0.0,
  "x0": 0.026666666666667282,
  "x1": 0.08000000000000185,
  "x10": 0.2666666666666667,
  "x11": 106.77333333333335,
  "x12": 26.69333333333334,
  "x13": 26.69333333333334,
  "x14": 26.69333333333334,
  "x2": 0.026666666666667282,
  "x3": 266.6666666666667,
  "x4": 106.66666666666669,
  "x5": 160.0,
  "x6": 26.66666666666667,
  "x7": 40.0,
  "x8": 40.0,
  "x9": 6.666666666666668,
  "y_snk[ammonia]": 0.0,
  "y_src[ammonia]": 0.0
 }
}